id;user_name;password;email
1;used;flamboyant usefully grown;Karianne.Bradtke@yahoo.com
2;above patter;recorder;Emory_Abernathy@hotmail.com
3;next;animal triumphantly cold;Patrick_Johnston80@yahoo.com
4;yippee;where;Dorian69@hotmail.com
5;muted;kale at;Maritza86@gmail.com
6;along winds;likewise;Leonard_Schmeler@gmail.com
7;confused;softly;Louisa_Bernier@hotmail.com
8;trim boolean;questionably yippee repeatedly;Jerome82@gmail.com
9;unsightly meanwhile;potentially flashy meh;Micheal36@hotmail.com
10;drat carpeting;exotic;Abe.Jast24@yahoo.com
